region,state,periodo_ref,chuva_media_acumulada,temperatura_media,umidade_media,vento_medio_kmh,pressao_media_inHg,radiacao_media
N,AC,2015-01-01,684.9668,24.908798,87.932335,4.269338,29.16569,1421.2184
N,AC,2015-04-01,296.94305,24.819609,86.686485,3.6541665,29.204876,1265.9933
N,AC,2015-07-01,133.28569,25.749765,79.73033,3.6831207,29.201097,1294.0522
N,AC,2015-10-01,480.02884,26.207973,81.70625,4.5820565,29.138437,1335.0619
N,AC,2016-01-01,563.2575,26.024975,86.252625,4.0926256,29.149685,1216.0544
N,AC,2016-04-01,160.74289,24.790014,84.35985,3.9244556,29.233019,1203.7015
N,AC,2016-07-01,91.71428,25.48196,75.93133,4.002733,29.206137,1320.9493
N,AC,2016-10-01,381.37164,26.369553,80.29183,5.277245,29.118027,1377.2662
N,AC,2017-01-01,405.54312,25.983656,74.555824,5.06152,29.140001,1375.6139
N,AC,2017-04-01,118.20002,26.286566,70.58916,3.3801937,29.156897,1514.3658
N,AC,2017-07-01,125.628555,25.658978,77.214096,3.9664085,29.201414,1455.4318
N,AC,2017-10-01,403.4861,25.924503,81.33332,4.882732,29.115088,1402.2675
N,AC,2018-01-01,322.9431,25.140198,86.01141,3.8906949,29.144499,1367.416
N,AC,2018-04-01,195.77148,24.809128,83.074165,3.3972485,29.24557,1133.5763
N,AC,2018-07-01,136.22856,25.228949,74.88584,4.291433,29.20025,1211.8245
N,AC,2018-10-01,569.9146,25.560501,84.27204,4.203099,29.130507,974.7206
N,AC,2019-01-01,694.57196,25.339523,86.57095,3.4164493,29.172781,960.9351
N,AC,2019-04-01,192.51431,25.552244,82.76854,3.1202815,29.226278,984.0596
N,AC,2019-07-01,199.62856,24.951494,76.67434,3.4781468,29.266962,1051.7252
N,AC,2019-10-01,657.9433,25.550217,84.64916,3.635271,29.174871,1110.5442
N,AC,2020-01-01,531.42896,25.795841,85.76556,3.4599264,29.187153,1034.8158
N,AC,2020-04-01,173.71436,26.010292,80.32619,3.885172,29.21647,1333.6237
N,AC,2020-07-01,96.628555,26.612516,76.76901,3.9116986,29.218678,1333.4752
N,AC,2020-10-01,165.82869,27.528698,78.15767,4.7142015,29.141302,1691.8245
N,AC,2021-01-01,296.45743,25.398802,85.88131,4.0740547,29.165857,2106.136
N,AC,2021-04-01,21.31428,26.773495,79.2307,5.2637796,29.284641,1665.1086
NE,AL,2015-01-01,114.7333,27.596144,70.929985,9.934802,29.531616,1672.7313
NE,AL,2015-04-01,363.80005,27.204401,76.626175,7.6006293,29.564157,1378.2565
NE,AL,2015-07-01,268.9669,24.83039,75.715904,7.690471,29.631449,1366.4653
NE,AL,2015-10-01,75.09998,27.238867,65.9985,10.190244,29.548513,1720.3163
NE,AL,2016-01-01,226.73341,27.49367,69.50765,7.8490486,29.528887,1549.4893
NE,AL,2016-04-01,359.00015,25.734396,74.38978,6.3618035,29.587793,1274.9077
NE,AL,2016-07-01,142.59987,24.321974,71.30604,7.5258365,29.63463,1418.3408
NE,AL,2016-10-01,47.93334,26.923828,65.8717,11.032037,29.521177,1697.9956
NE,AL,2017-01-01,63.89998,27.598259,65.4049,8.9425,29.505327,1843.5009
NE,AL,2017-04-01,567.1001,25.454779,77.19112,5.914776,29.562439,1382.9418
NE,AL,2017-07-01,207.54305,23.09584,77.84347,7.1976676,29.624842,1119.5116
NE,AL,2017-10-01,62.82856,26.19242,69.133156,9.465741,29.488516,1858.2201
NE,AL,2018-01-01,168.08572,27.067123,70.72668,8.318521,29.460268,1751.578
NE,AL,2018-04-01,261.97174,24.88623,78.20884,5.6595182,29.546316,1140.2504
NE,AL,2018-07-01,110.057175,23.956944,74.72154,7.3299217,29.597599,1386.324
NE,AL,2018-10-01,102.0857,26.746399,68.0396,9.9147415,29.492628,1892.4513
NE,AL,2019-01-01,178.40001,27.363096,71.598175,7.691596,29.488186,1709.8768
NE,AL,2019-04-01,200.74303,26.106646,75.6382,5.7830777,29.51677,1201.4391
NE,AL,2019-07-01,201.31442,24.063608,79.795616,6.886375,29.668406,1303.726
NE,AL,2019-10-01,28.800007,27.19629,65.13084,10.500519,29.537996,1760.5831
NE,AL,2020-01-01,117.257095,28.106684,68.38315,7.9284286,29.525377,1597.4259
NE,AL,2020-04-01,206.42873,26.239431,75.196594,5.7639146,29.583601,1364.5654
NE,AL,2020-07-01,78.82865,24.524479,70.45082,7.254158,29.62793,1458.679
NE,AL,2020-10-01,11.457145,27.373009,67.47162,9.714235,29.43232,1563.9341
NE,AL,2021-01-01,38.114277,27.629475,69.24303,8.0596485,29.360098,1669.1016
NE,AL,2021-04-01,17.857155,26.97292,74.13668,5.4021254,29.372961,1235.6677
N,AM,2015-01-01,748.16724,26.008293,83.283356,3.5435011,29.65408,1347.0308
N,AM,2015-04-01,476.15582,26.27596,83.07991,2.999209,29.68383,1260.8951
N,AM,2015-07-01,103.55554,28.008165,72.82083,3.429314,29.668076,1523.0438
N,AM,2015-10-01,330.1668,28.03347,75.01165,3.3717375,29.610355,1346.2733
N,AM,2016-01-01,562.0336,27.535583,78.62454,3.3616405,29.632849,1256.4678
N,AM,2016-04-01,439.01132,26.518618,82.802155,2.7175994,29.715254,1240.387
N,AM,2016-07-01,198.02225,27.139387,76.90562,2.9298697,29.696335,1464.6078
N,AM,2016-10-01,384.85617,27.100397,79.35664,3.0973117,29.655432,1261.5502
N,AM,2017-01-01,645.47217,25.992346,84.15053,2.7542937,29.648046,839.9599
N,AM,2017-04-01,420.72018,26.765036,83.221825,2.5534472,29.685017,951.9655
N,AM,2017-07-01,177.072,27.329544,76.26311,2.597797,29.686058,1125.6675
N,AM,2017-10-01,372.94418,27.1664,80.761086,2.7663865,29.601002,993.1913
N,AM,2018-01-01,361.20825,26.70961,81.50874,2.7617564,29.623444,961.23596
N,AM,2018-04-01,375.73624,26.278225,81.76579,2.3262177,29.689474,941.98486
N,AM,2018-07-01,147.48001,27.216345,75.26645,2.8115358,29.699842,1050.0747
N,AM,2018-10-01,301.92017,27.068415,76.57913,2.969352,29.623402,916.4181
N,AM,2019-01-01,625.1671,26.548855,80.678314,3.1865785,29.678865,1010.11615
N,AM,2019-04-01,552.11145,26.765915,82.461395,2.6239886,29.6877,900.713
N,AM,2019-07-01,212.75793,27.076363,76.715485,2.577456,29.71995,1073.4668
N,AM,2019-10-01,541.2213,26.60643,81.56343,2.7406497,29.616043,900.239
N,AM,2020-01-01,304.09488,27.425764,79.07267,3.2808523,29.646431,979.54114
N,AM,2020-04-01,307.85287,26.646648,82.23988,2.326689,29.679928,734.8246
N,AM,2020-07-01,80.95789,28.047813,72.75777,2.6782877,29.659943,919.1404
N,AM,2020-10-01,161.93684,27.353178,78.32844,2.8385446,29.618353,938.92
N,AM,2021-01-01,198.60008,26.609255,80.11736,2.47819,29.66083,874.5431
N,AM,2021-04-01,50.410526,27.025026,73.30086,2.3250554,29.670555,894.91626
N,AP,2015-01-01,225.30003,25.728376,84.945984,5.7513094,29.83632,1262.0131
N,AP,2015-04-01,0.0,28.227028,75.97991,3.939039,29.860401,1953.8551
N,AP,2015-07-01,74.7,27.55928,76.806816,6.528004,29.8466,1732.2314
N,AP,2015-10-01,188.09993,27.438519,76.1644,7.1483126,29.81723,1571.7092
N,AP,2016-01-01,862.6006,26.106085,85.98305,5.5059466,29.837889,1121.4492
N,AP,2016-04-01,750.79974,26.50579,85.0223,4.7610903,29.869276,1314.5128
N,AP,2016-07-01,163.79997,27.09898,78.97079,5.692623,29.861515,1631.0298
N,AP,2016-10-01,375.7,27.25879,77.08182,6.6483355,29.784718,1497.3097
N,AP,2017-01-01,1379.1987,25.193794,88.44792,4.5204167,29.822653,1022.6836
N,AP,2017-04-01,555.4003,26.13874,86.276474,4.7200527,29.828411,1221.2532
N,AP,2017-07-01,27.6,27.787834,76.60139,7.670522,29.824438,1428.4728
N,AP,2017-10-01,126.93331,27.602499,77.075615,7.526363,29.779144,1365.9097
N,AP,2018-01-01,430.60037,25.76534,83.21018,5.348404,29.79243,907.44055
N,AP,2018-04-01,492.73294,25.436754,84.48249,4.4950395,29.8426,1135.1742
N,AP,2018-07-01,304.6,26.843842,77.14981,6.48891,29.84862,1577.7494
N,AP,2018-10-01,437.00024,27.333733,75.117,7.139843,29.799683,1565.7251
N,AP,2019-01-01,454.25024,25.706923,84.03225,4.840134,29.836838,1092.0433
N,AP,2019-04-01,770.8504,26.894665,83.29798,4.919243,29.77174,1122.6775
N,AP,2019-07-01,184.35,26.723608,82.535194,5.4065843,29.774727,1451.5519
N,AP,2019-10-01,152.10007,27.863865,74.503494,8.133994,29.657204,1620.5862
N,AP,2020-01-01,330.6504,26.003456,83.76948,6.541378,29.710749,1240.3767
N,AP,2020-04-01,491.4503,26.280802,85.034996,5.6391335,29.72585,1285.5051
N,AP,2020-07-01,136.8,27.357655,77.26821,6.5773897,29.709583,1608.8113
N,AP,2020-10-01,200.70007,27.539648,76.57596,7.4203024,29.669395,1565.0216
N,AP,2021-01-01,445.0504,25.54329,85.69917,6.2444124,29.679882,1200.6934
N,AP,2021-04-01,118.04996,25.850403,86.07184,5.4898367,29.683136,1224.5845
NE,BA,2015-01-01,181.13998,25.90392,70.224266,7.6799746,28.721142,1643.2882
NE,BA,2015-04-01,265.63013,24.044437,76.44601,7.324936,28.736176,1242.7012
NE,BA,2015-07-01,101.42856,23.520964,68.17779,8.644643,28.782581,1466.9236
NE,BA,2015-10-01,82.014275,26.917381,60.448044,9.881312,28.685465,1752.5779
NE,BA,2016-01-01,314.63812,26.16268,72.28321,7.328382,28.685263,1571.9489
NE,BA,2016-04-01,108.02607,24.790785,68.54951,7.5629735,28.746962,1329.3224
NE,BA,2016-07-01,128.8261,23.662565,66.720116,8.220122,28.778576,1406.9701
NE,BA,2016-10-01,198.82176,25.960022,66.86647,9.188811,28.661345,1579.037
NE,BA,2017-01-01,171.78696,26.44039,66.2082,8.139109,28.65558,1621.0051
NE,BA,2017-04-01,161.50002,24.682285,70.707985,7.836314,28.703827,1368.5825
NE,BA,2017-07-01,134.83914,22.452272,67.65346,9.686148,28.820227,1451.965
NE,BA,2017-10-01,199.57393,25.650068,66.89763,8.96379,28.660978,1607.8059
NE,BA,2018-01-01,233.31496,25.972088,72.16828,7.547365,28.66873,1579.6714
NE,BA,2018-04-01,214.42134,23.767775,74.56549,7.3141155,28.769802,1310.9218
NE,BA,2018-07-01,76.40832,23.68125,65.89561,8.579096,28.80285,1495.7709
NE,BA,2018-10-01,296.0125,25.672043,68.900475,8.435788,28.703138,1541.9166
NE,BA,2019-01-01,206.4723,26.713839,68.30968,7.720665,28.722507,1664.9564
NE,BA,2019-04-01,196.81708,24.84665,74.340225,6.872251,28.768253,1365.7903
NE,BA,2019-07-01,160.80853,23.279514,68.57637,8.776826,28.820482,1435.3256
NE,BA,2019-10-01,126.96168,26.66144,62.28107,9.455121,28.679773,1697.5325
NE,BA,2020-01-01,332.19162,25.987247,72.8539,6.8412213,28.692602,1478.9019
NE,BA,2020-04-01,247.62993,23.815554,76.96331,6.7258043,28.773796,1191.8346
NE,BA,2020-07-01,107.263824,22.835129,68.16621,8.294265,28.821362,1399.2675
NE,BA,2020-10-01,130.82976,25.83586,66.03687,8.71275,28.738678,1607.5618
NE,BA,2021-01-01,64.314896,26.381353,65.7793,8.056331,28.664316,1645.8354
NE,BA,2021-04-01,45.3617,25.747051,70.86807,7.394808,28.575928,1450.038
NE,CE,2015-01-01,338.24292,27.209177,67.162926,9.02912,29.04922,1471.1072
NE,CE,2015-04-01,242.44295,26.514807,71.33348,7.690697,29.079876,1362.2609
NE,CE,2015-07-01,58.48573,27.051851,57.664852,11.403351,29.103146,1538.9882
NE,CE,2015-10-01,22.357145,28.521847,54.52546,12.134987,29.051296,1692.2897
NE,CE,2016-01-01,276.27148,27.3204,71.56096,7.364742,29.051718,1395.0101
NE,CE,2016-04-01,147.68571,27.08704,68.12303,6.9219413,29.08606,1358.2823
NE,CE,2016-07-01,6.7285733,27.664398,53.247078,10.181364,29.105564,1617.8871
NE,CE,2016-10-01,26.77143,28.69154,54.206177,11.228437,29.018688,1645.794
NE,CE,2017-01-01,344.42865,26.90587,71.18154,6.7483683,29.028248,1325.4767
NE,CE,2017-04-01,239.91435,26.37421,72.41012,6.445839,29.066328,1318.7643
NE,CE,2017-07-01,40.65714,27.05163,57.20345,9.777101,29.118769,1589.3065
NE,CE,2017-10-01,39.585705,28.385134,57.80475,10.646718,29.021603,1603.0068
NE,CE,2018-01-01,267.7877,26.780521,71.0655,6.9667425,28.93387,1393.7693
NE,CE,2018-04-01,186.61258,25.358871,74.08296,6.239953,28.994192,1327.0359
NE,CE,2018-07-01,32.474995,26.818916,59.462612,9.2261505,29.017723,1592.7463
NE,CE,2018-10-01,111.5875,27.753063,61.228397,9.768396,28.960222,1511.3202
NE,CE,2019-01-01,333.65018,26.18043,76.78385,6.160818,28.982252,1297.229
NE,CE,2019-04-01,210.8625,25.70964,77.336555,6.579607,28.997318,1218.9547
NE,CE,2019-07-01,29.274994,26.788012,59.679607,11.129071,29.028347,1474.0802
NE,CE,2019-10-01,32.9625,28.385868,56.395767,11.468959,28.930378,1586.2631
NE,CE,2020-01-01,385.76266,26.183554,78.17237,6.5334253,28.885784,1210.342
NE,CE,2020-04-01,131.12505,25.996845,70.10423,6.423204,29.097652,1228.801
NE,CE,2020-07-01,14.049999,26.453234,59.487106,10.154926,28.928106,1484.1923
NE,CE,2020-10-01,28.400002,27.6083,61.10294,10.741756,28.84941,1449.369
NE,CE,2021-01-01,181.16254,26.338697,72.03327,8.404335,28.841179,1221.8188
NE,CE,2021-04-01,58.612495,26.041046,76.28544,7.2023134,29.017923,1294.6982
CO,DF,2015-01-01,528.2671,21.954659,74.25938,7.112711,26.491991,1470.5576
CO,DF,2015-04-01,272.39993,20.366043,75.084236,7.624455,26.5539,1339.1401
CO,DF,2015-07-01,21.200005,21.802073,49.972492,8.936149,26.550268,1624.7653
CO,DF,2015-10-01,403.93335,24.07109,61.231487,7.7011294,26.476473,1568.953
CO,DF,2016-01-01,578.1338,22.546545,76.037865,7.2987237,26.492437,1467.1797
CO,DF,2016-04-01,16.6,21.669352,59.92456,7.479158,26.558907,1531.8539
CO,DF,2016-07-01,50.66666,21.99463,48.574215,8.832493,26.554756,1594.1763
CO,DF,2016-10-01,497.33362,22.526388,69.7591,8.144509,26.463442,1419.2543
CO,DF,2017-01-01,494.15027,22.152689,74.77921,7.3012533,26.491947,1507.5743
CO,DF,2017-04-01,78.79999,21.014414,68.58543,7.94736,26.552494,1456.1763
CO,DF,2017-07-01,11.92,20.703571,45.190163,11.078369,26.5416,1721.2959
CO,DF,2017-10-01,574.8004,22.884031,66.37456,8.506034,26.406445,1415.6229
CO,DF,2018-01-01,529.9603,21.976313,76.41107,7.190047,26.420557,1526.3041
CO,DF,2018-04-01,129.15999,20.147383,68.545975,8.107722,26.515026,1424.0496
CO,DF,2018-07-01,65.68001,21.593733,50.056023,8.374765,26.5038,1640.3383
CO,DF,2018-10-01,712.6407,22.20238,74.73816,7.3761454,26.426434,1332.7664
CO,DF,2019-01-01,492.9602,22.47977,74.79727,6.9932427,26.458878,1532.8118
CO,DF,2019-04-01,304.68002,20.952196,72.653534,6.95468,26.500195,1420.6143
CO,DF,2019-07-01,4.44,21.793446,47.3458,9.398796,26.52924,1668.3748
CO,DF,2019-10-01,526.0001,23.412708,65.70832,7.577101,26.413122,1497.7194
CO,DF,2020-01-01,1055.2405,22.099731,80.65835,7.17156,26.434193,1379.3373
CO,DF,2020-04-01,239.84,20.211452,72.98796,7.326284,26.513855,1404.7262
CO,DF,2020-07-01,31.680002,21.175716,49.265182,9.186089,26.513836,1714.3531
CO,DF,2020-10-01,548.4003,22.861929,68.93893,7.5531783,26.419561,1454.7117
CO,DF,2021-01-01,791.5605,21.860739,76.19632,6.6489763,26.420008,1492.0713
CO,DF,2021-04-01,99.55998,21.068645,73.142975,6.7015276,26.451834,1424.2621
SE,ES,2015-01-01,194.3111,26.566256,68.556076,9.566403,29.225925,1800.1907
SE,ES,2015-04-01,274.40002,22.144707,79.33748,7.4957175,29.335014,1145.8274
SE,ES,2015-07-01,116.62216,21.889402,76.40813,8.010265,29.35862,1290.6512
SE,ES,2015-10-01,182.2,25.798563,70.6309,9.77591,29.222569,1603.8253
SE,ES,2016-01-01,325.37778,26.21725,73.93951,8.243749,29.218685,1593.6936
SE,ES,2016-04-01,83.644424,23.02148,74.54682,7.441246,29.326046,1218.6011
SE,ES,2016-07-01,89.399956,21.650465,73.37678,8.481954,29.364786,1252.77
SE,ES,2016-10-01,480.1335,23.82915,77.67606,8.964398,29.225494,1333.7251
SE,ES,2017-01-01,152.92303,25.307404,73.71797,7.9080963,29.167494,1610.4285
SE,ES,2017-04-01,159.96918,22.449999,78.21503,6.9454503,29.262012,1175.9169
SE,ES,2017-07-01,118.66147,19.72715,77.577644,7.512172,29.393442,1216.0154
SE,ES,2017-10-01,402.80014,23.893398,76.0214,8.565537,29.15762,1328.4468
SE,ES,2018-01-01,375.89252,25.59092,75.67953,7.4043403,29.131247,1523.4666
SE,ES,2018-04-01,299.81546,21.75185,82.616776,5.9711576,29.290337,1100.0881
SE,ES,2018-07-01,117.769196,21.108501,78.84904,6.82426,29.29725,1090.63
SE,ES,2018-10-01,498.0619,23.801414,79.95625,7.8957424,29.17391,1194.6536
SE,ES,2019-01-01,234.63077,26.284359,74.894905,7.754577,29.16789,1518.3236
SE,ES,2019-04-01,203.44614,23.403288,80.65197,6.1653986,29.240969,1062.6267
SE,ES,2019-07-01,129.73843,20.943754,75.707535,7.892719,29.339626,1075.9146
SE,ES,2019-10-01,468.20032,24.121317,76.4561,8.0709305,29.170204,1305.455
SE,ES,2020-01-01,556.0927,25.120857,73.28669,7.223627,29.14324,1305.6993
SE,ES,2020-04-01,90.692276,23.375896,70.11153,7.077911,29.253176,1244.2571
SE,ES,2020-07-01,103.892265,22.15554,73.2008,7.9196615,29.290422,1234.9553
SE,ES,2020-10-01,321.12323,24.552858,74.416534,8.190724,29.237328,1346.8756
SE,ES,2021-01-01,303.8155,25.743635,71.26142,7.705557,29.220871,1564.4852
SE,ES,2021-04-01,43.47692,24.149231,70.419754,7.34568,29.274199,1350.1053
CO,GO,2015-01-01,487.61847,24.492249,71.99726,5.3404045,27.50161,1638.0507
CO,GO,2015-04-01,187.16362,22.376133,72.99631,4.88698,27.566545,1387.4305
CO,GO,2015-07-01,39.845455,23.889132,49.974754,5.9892106,27.557293,1556.253
CO,GO,2015-10-01,360.85474,26.135277,62.12643,5.838959,27.478294,1574.5223
CO,GO,2016-01-01,592.2642,24.466103,76.53166,5.152611,27.493608,1452.2168
CO,GO,2016-04-01,33.881813,23.267982,60.268448,4.7630687,27.571259,1490.8944
CO,GO,2016-07-01,38.272713,24.088457,45.27921,5.8677416,27.565361,1582.9805
CO,GO,2016-10-01,398.20926,24.599403,67.64121,5.9684267,27.465862,1493.7125
CO,GO,2017-01-01,506.8821,24.10758,74.288536,5.020877,27.485088,1526.4237
CO,GO,2017-04-01,125.62606,23.042183,66.560844,4.9585657,27.55064,1467.6895
CO,GO,2017-07-01,13.725001,22.951431,43.593037,7.247381,27.685265,1650.8729
CO,GO,2017-10-01,527.50867,25.115519,64.081154,6.3802676,27.536287,1440.3359
CO,GO,2018-01-01,486.14435,24.19603,74.80756,5.080481,27.522186,1539.9799
CO,GO,2018-04-01,108.191986,22.213913,65.72671,4.740925,27.608522,1433.259
CO,GO,2018-07-01,52.661537,23.771656,47.69446,5.530637,27.631426,1528.8533
CO,GO,2018-10-01,653.1389,24.534458,72.20888,5.1720324,27.550354,1369.4603
CO,GO,2019-01-01,516.2618,24.55065,73.784424,4.5764546,27.586815,1512.1256
CO,GO,2019-04-01,155.50766,23.111568,69.17364,4.206798,27.631502,1327.6707
CO,GO,2019-07-01,19.084616,24.145357,44.338406,5.980302,27.656895,1491.4517
CO,GO,2019-10-01,404.69244,25.81244,63.504234,5.282845,27.536987,1522.3594
CO,GO,2020-01-01,713.4082,24.653036,76.31337,4.850419,27.560282,1443.5497
CO,GO,2020-04-01,123.33843,22.705238,68.21733,4.565393,27.646547,1410.1373
CO,GO,2020-07-01,10.623077,24.261583,43.59125,6.5866013,27.643444,1607.2706
CO,GO,2020-10-01,347.0309,26.019386,61.831787,5.3744965,27.54941,1570.697
CO,GO,2021-01-01,435.70798,25.295124,68.785385,5.0916243,27.55066,1640.1355
CO,GO,2021-04-01,58.607685,24.533554,63.516857,4.5930266,27.598656,1595.0214
NE,MA,2015-01-01,423.42517,26.164639,78.196045,4.458975,29.396801,1348.966
NE,MA,2015-04-01,271.60016,26.442965,75.43343,3.9221451,29.419369,1472.4401
NE,MA,2015-07-01,28.324999,27.882624,59.39004,6.3849535,29.426722,1529.2584
NE,MA,2015-10-01,63.199993,28.949833,60.881214,7.2098265,29.402016,1358.234
NE,MA,2016-01-01,413.63766,27.20005,77.0845,5.805803,29.425974,1285.0316
NE,MA,2016-04-01,192.9375,27.284985,73.468796,5.3047385,29.455954,1394.2537
NE,MA,2016-07-01,36.0625,28.338509,57.067036,7.1755137,29.462854,1609.7153
NE,MA,2016-10-01,143.50586,28.316517,65.834526,7.178012,29.379961,1414.3962
NE,MA,2017-01-01,598.8356,26.214096,80.306595,4.734561,29.432266,1155.6334
NE,MA,2017-04-01,302.9884,26.681236,75.31331,4.72025,29.430977,1366.572
NE,MA,2017-07-01,24.599997,27.828045,56.35639,6.793622,29.455774,1595.1375
NE,MA,2017-10-01,166.0706,28.223206,64.10899,5.9579296,29.347303,1346.7976
NE,MA,2018-01-01,499.5062,26.184326,79.28785,4.0865054,29.423056,1138.4954
NE,MA,2018-04-01,315.23544,26.531912,74.83747,4.424199,29.47693,1451.7072
NE,MA,2018-07-01,53.88235,27.504175,61.965717,5.68705,29.455647,1658.9945
NE,MA,2018-10-01,229.43527,27.806126,69.2467,5.2856603,29.407057,1472.7676
NE,MA,2019-01-01,577.85034,26.433147,78.05781,4.3369417,29.454456,1333.3011
NE,MA,2019-04-01,363.58755,26.568033,75.07544,4.1249404,29.444756,1309.249
NE,MA,2019-07-01,43.094112,27.342598,61.263,5.261029,29.463026,1471.9548
NE,MA,2019-10-01,151.0706,28.084929,67.29796,5.3944936,29.369236,1382.4698
NE,MA,2020-01-01,653.3652,26.405025,81.096924,3.6096466,29.417791,1448.1481
NE,MA,2020-04-01,226.31775,26.691174,76.757805,4.375201,29.398937,1459.6295
NE,MA,2020-07-01,3.811765,27.542423,57.24183,5.066828,29.395864,1577.3773
NE,MA,2020-10-01,100.22355,27.890924,68.60659,4.2524023,29.343037,1328.1228
NE,MA,2021-01-01,196.35298,26.359364,78.7438,3.4249728,29.34994,1287.3914
NE,MA,2021-04-01,39.058823,26.90023,78.89948,3.174975,29.407436,1289.0543
SE,MG,2015-01-01,380.6912,23.93502,69.92258,6.662823,27.441189,1633.5217
SE,MG,2015-04-01,138.41086,20.444052,75.128784,6.0643964,27.555532,1245.3035
SE,MG,2015-07-01,70.43571,21.216686,61.782555,7.218379,27.554218,1445.1935
SE,MG,2015-10-01,373.43588,24.935076,63.01197,7.6549616,27.453783,1599.4423
SE,MG,2016-01-01,550.1754,24.0614,73.88206,6.3922515,27.480236,1497.0322
SE,MG,2016-04-01,78.13102,21.113058,68.30133,6.0378604,27.568672,1365.223
SE,MG,2016-07-01,46.979313,21.269693,58.832455,7.456498,27.570889,1495.0951
SE,MG,2016-10-01,493.96414,23.290537,70.56161,7.7373257,27.473425,1498.2388
SE,MG,2017-01-01,334.76068,23.942657,70.389854,6.737225,27.519476,1590.6426
SE,MG,2017-04-01,116.2656,21.050604,70.855064,6.32368,27.610268,1298.2734
SE,MG,2017-07-01,32.181534,19.94574,58.21899,8.152074,27.681957,1492.5413
SE,MG,2017-10-01,441.45694,23.526114,68.078094,7.6762977,27.472868,1409.699
SE,MG,2018-01-01,466.81494,23.65674,74.89248,6.0316215,27.444826,1498.7537
SE,MG,2018-04-01,73.65585,20.488611,71.48751,5.852675,27.57111,1265.9348
SE,MG,2018-07-01,80.39997,20.758894,61.520386,6.840865,27.563816,1391.6155
SE,MG,2018-10-01,595.54156,23.22238,73.06135,7.0754943,27.462278,1365.3384
SE,MG,2019-01-01,395.60016,24.302086,71.59304,6.137316,27.484959,1566.4592
SE,MG,2019-04-01,144.20891,21.580181,72.67397,5.367287,27.540428,1288.9401
SE,MG,2019-07-01,52.66566,20.913528,58.752666,7.2550406,27.594421,1426.1028
SE,MG,2019-10-01,419.35834,24.097855,66.64869,7.3986297,27.441954,1499.4183
SE,MG,2020-01-01,750.7676,23.347414,78.48709,5.828158,27.448395,1359.2639
SE,MG,2020-04-01,94.98504,20.014233,74.435814,5.4273543,27.533825,1290.294
SE,MG,2020-07-01,26.27761,20.913702,59.60602,6.8030844,27.533403,1516.095
SE,MG,2020-10-01,420.08682,23.537094,70.2334,6.5376887,27.421612,1432.1215
SE,MG,2021-01-01,414.8242,23.405373,73.23734,5.643964,27.392534,1519.7935
SE,MG,2021-04-01,30.749252,21.678339,70.010025,5.4765224,27.441463,1480.1522
CO,MS,2015-01-01,366.10034,25.924465,74.26864,5.4420557,28.59872,1519.7092
CO,MS,2015-04-01,243.17152,22.264454,76.50519,5.8789086,28.661623,1231.7924
CO,MS,2015-07-01,209.69284,23.15805,62.677147,7.0482125,28.660845,1322.0233
CO,MS,2015-10-01,484.4931,25.877384,73.77567,7.145722,28.572973,1409.7344
CO,MS,2016-01-01,369.9788,25.864515,76.81177,6.202546,28.594303,1441.0042
CO,MS,2016-04-01,175.87144,21.384731,70.02142,5.8526115,28.717941,1216.9092
CO,MS,2016-07-01,108.27857,21.438427,57.536526,6.904584,28.699455,1394.0096
CO,MS,2016-10-01,306.2858,25.191074,66.87142,7.592991,28.57316,1525.5658
CO,MS,2017-01-01,355.72867,25.874155,72.976875,5.848082,28.582272,1524.1476
CO,MS,2017-04-01,241.15715,22.100494,72.73216,6.136777,28.679344,1198.1207
CO,MS,2017-07-01,66.86427,22.97218,53.224102,7.6373353,28.71405,1401.0171
CO,MS,2017-10-01,489.82172,25.319626,70.68247,6.6536727,28.54429,1443.11
CO,MS,2018-01-01,316.96854,25.592512,76.17021,5.803038,28.537811,1440.2184
CO,MS,2018-04-01,94.031784,22.05326,70.90126,6.3811965,28.670704,1247.6294
CO,MS,2018-07-01,181.48,21.097605,63.68485,7.9798374,28.663958,1245.9856
CO,MS,2018-10-01,462.77798,25.684668,73.146774,8.140023,28.533844,1438.0194
CO,MS,2019-01-01,405.24014,26.219816,74.78397,6.9647985,28.586449,1469.0651
CO,MS,2019-04-01,154.79997,23.233004,72.95309,6.6368794,28.652983,1183.1425
CO,MS,2019-07-01,51.995552,22.915081,56.27082,8.681299,28.702457,1308.6787
CO,MS,2019-10-01,315.1645,26.689701,67.33098,7.268955,28.544758,1461.9438
CO,MS,2020-01-01,255.89336,26.391405,72.85401,6.012457,28.551683,1479.7717
CO,MS,2020-04-01,116.986664,22.042603,67.99167,6.348541,28.715797,1324.5413
CO,MS,2020-07-01,51.599995,22.399542,56.11409,7.58772,28.68042,1290.0363
CO,MS,2020-10-01,143.95557,26.676025,63.71576,7.516555,28.56842,1491.3365
CO,MS,2021-01-01,183.26233,25.761478,74.76863,5.897949,28.593582,1399.3068
CO,MS,2021-04-01,7.440001,24.53149,62.980568,6.5133224,28.635765,1469.574
CO,MT,2015-01-01,393.25317,24.980589,81.214294,4.927313,28.568283,1350.2611
CO,MT,2015-04-01,149.5118,24.691158,77.90645,4.542245,28.5893,1157.9976
CO,MT,2015-07-01,45.017647,26.549868,55.86082,5.85049,28.590563,1351.9929
CO,MT,2015-10-01,307.64706,26.791063,72.695114,5.442318,28.53481,1415.0835
CO,MT,2016-01-01,498.15936,25.754278,82.185715,5.000141,28.528353,1313.2262
CO,MT,2016-04-01,65.77058,24.714489,72.04295,4.613064,28.628819,1249.9484
CO,MT,2016-07-01,61.01176,25.367083,56.021793,5.5390444,28.618189,1296.353
CO,MT,2016-10-01,443.61206,25.47458,76.86521,4.88745,28.523554,1275.1802
CO,MT,2017-01-01,538.55927,24.974075,82.80833,4.145803,28.551102,1240.2252
CO,MT,2017-04-01,100.13527,24.746717,75.491394,3.9357839,28.547277,1197.0173
CO,MT,2017-07-01,25.65294,26.341825,50.87523,5.766093,28.610378,1371.4425
CO,MT,2017-10-01,521.2725,25.665798,76.72133,5.2927976,28.459372,1275.7755
CO,MT,2018-01-01,571.1949,25.020374,82.89521,4.4594474,28.472857,1215.0037
CO,MT,2018-04-01,132.77223,23.83734,75.1263,4.5436764,28.58603,1245.0643
CO,MT,2018-07-01,63.40556,25.114094,56.937336,6.1712847,28.573769,1373.5353
CO,MT,2018-10-01,567.37256,25.69496,78.85415,5.22817,28.495026,1335.4291
CO,MT,2019-01-01,537.6055,25.357193,81.07473,4.8539515,28.539873,1249.9883
CO,MT,2019-04-01,157.53331,24.816843,71.961845,4.423452,28.59002,1242.0707
CO,MT,2019-07-01,42.01538,25.85763,53.605755,5.859389,28.627779,1359.0558
CO,MT,2019-10-01,388.5694,25.793056,75.32144,4.993427,28.515875,1287.8105
CO,MT,2020-01-01,504.56332,25.792084,81.27997,4.754171,28.54616,1278.4551
CO,MT,2020-04-01,117.58945,24.854744,72.9508,4.6452856,28.611074,1263.4113
CO,MT,2020-07-01,11.08421,26.53336,48.48864,6.1211786,28.575909,1434.9261
CO,MT,2020-10-01,163.90002,27.634043,64.69223,6.1444354,28.457733,1460.4174
CO,MT,2021-01-01,169.32982,25.469778,77.077446,5.3601103,28.357344,1427.2529
CO,MT,2021-04-01,21.064863,25.679358,73.87004,5.381364,28.438042,1441.1447
N,PA,2015-01-01,475.62534,25.724749,80.7243,4.2050924,29.43506,1216.6273
N,PA,2015-04-01,312.6752,26.142973,81.02983,3.5571604,29.45601,1222.9884
N,PA,2015-07-01,67.44799,27.304464,70.214455,5.281057,29.440945,1474.9901
N,PA,2015-10-01,81.09601,28.190718,68.58874,5.9540954,29.411316,1463.8771
N,PA,2016-01-01,571.28046,26.62725,80.46443,4.8050075,29.425821,1223.5314
N,PA,2016-04-01,315.4962,26.79493,79.05846,4.0901284,29.46514,1358.4188
N,PA,2016-07-01,104.26154,27.186945,71.084335,4.9199567,29.459211,1503.1713
N,PA,2016-10-01,274.3,27.131678,75.23644,4.9496055,29.347368,1353.2479
N,PA,2017-01-01,863.47375,25.474743,83.97326,3.6989741,29.36888,1141.2482
N,PA,2017-04-01,397.97354,26.511715,78.78516,3.6149373,29.39852,1252.178
N,PA,2017-07-01,66.346664,27.285799,66.42945,5.036555,29.408094,1388.7455
N,PA,2017-10-01,303.19366,27.182302,72.364334,5.2763553,29.340488,1243.6643
N,PA,2018-01-01,632.1378,25.680162,81.5796,3.9903095,29.3559,1131.1018
N,PA,2018-04-01,394.68756,25.980673,78.98213,3.7689807,29.412897,1208.1693
N,PA,2018-07-01,147.21873,26.752598,71.90448,4.7511835,29.386806,1314.6473
N,PA,2018-10-01,381.21228,26.675833,77.213844,4.5914254,29.350853,1138.3159
N,PA,2019-01-01,801.11365,25.617281,84.14227,3.9568226,29.422224,1071.1143
N,PA,2019-04-01,600.9135,26.177526,81.30517,3.7750902,29.410069,1150.5107
N,PA,2019-07-01,132.29033,27.04279,69.00429,4.8522124,29.413273,1365.6335
N,PA,2019-10-01,322.471,26.993654,74.53694,4.950176,29.332361,1213.126
N,PA,2020-01-01,844.9617,25.868813,82.61971,3.6157775,29.441492,1073.5864
N,PA,2020-04-01,434.67117,26.305653,79.28726,3.3916337,29.45105,1234.769
N,PA,2020-07-01,58.490326,27.46655,63.761642,4.4674387,29.406874,1452.7927
N,PA,2020-10-01,228.93561,27.325943,72.46365,4.7675695,29.356102,1342.9948
N,PA,2021-01-01,480.044,25.863995,83.24448,3.7512572,29.319838,1114.4033
N,PA,2021-04-01,103.62499,26.027767,85.47885,3.3317883,29.38753,1248.953
NE,PB,2015-01-01,187.62502,26.395758,66.54717,10.760214,28.748924,1668.3905
NE,PB,2015-04-01,160.12495,25.498358,71.14244,8.759129,28.782478,1422.6635
NE,PB,2015-07-01,215.55013,24.243397,69.58793,10.936941,28.824707,1440.7391
NE,PB,2015-10-01,75.399994,26.501959,60.691685,12.775139,28.766438,1749.7026
NE,PB,2016-01-01,259.99997,26.474596,70.76824,9.686962,28.752176,1619.3198
NE,PB,2016-04-01,264.25015,25.205616,72.03694,9.427502,28.79521,1368.2587
NE,PB,2016-07-01,38.475006,24.857712,62.49781,12.146958,28.827732,1583.3059
NE,PB,2016-10-01,57.975002,26.747894,59.029915,14.146953,28.734476,1700.8617
NE,PB,2017-01-01,191.32494,26.64537,65.429596,10.838814,28.72302,1626.9744
NE,PB,2017-04-01,322.29993,25.250645,72.69701,9.526766,28.767548,1329.483
NE,PB,2017-07-01,183.4502,23.713526,68.69464,12.375158,28.842579,1486.3276
NE,PB,2017-10-01,24.44445,26.831757,58.863018,12.844738,28.751871,1704.3009
NE,PB,2018-01-01,180.15564,27.187151,64.42052,8.838646,28.74305,1719.8813
NE,PB,2018-04-01,318.28903,24.344118,74.28119,7.3444486,28.807407,1307.6471
NE,PB,2018-07-01,57.022236,24.893105,61.774067,10.54227,28.835707,1516.7485
NE,PB,2018-10-01,66.333336,26.936897,59.362957,11.1344185,28.756975,1704.7339
NE,PB,2019-01-01,299.68893,26.562914,69.10351,7.883218,28.762665,1550.0015
NE,PB,2019-04-01,300.4667,25.408844,74.3775,6.9892173,28.790571,1345.424
NE,PB,2019-07-01,161.37788,24.30825,70.09054,9.474264,28.855137,1298.1287
NE,PB,2019-10-01,23.444445,27.141945,59.0898,10.95521,28.741798,1682.6064
NE,PB,2020-01-01,304.46667,26.815317,71.82384,7.160625,28.658684,1490.9365
NE,PB,2020-04-01,282.91125,25.07521,79.13261,6.3039737,28.702168,1337.5775
NE,PB,2020-07-01,80.2222,24.18426,66.565926,9.542905,28.701736,1339.4005
NE,PB,2020-10-01,30.511105,26.609776,62.25425,10.367241,28.628769,1489.442
NE,PB,2021-01-01,119.55557,26.47457,67.24431,7.975888,28.60938,1422.785
NE,PB,2021-04-01,53.088875,26.036898,74.07197,5.521244,28.63112,1552.5114
NE,PE,2015-01-01,101.950005,26.77054,60.954967,10.222781,28.494415,1748.9227
NE,PE,2015-04-01,154.51668,25.495962,67.23404,9.55137,28.534132,1453.081
NE,PE,2015-07-01,146.15004,23.89308,66.37706,10.698292,28.58448,1525.9254
NE,PE,2015-10-01,53.000004,27.164986,54.53851,10.853246,28.507036,1801.0568
NE,PE,2016-01-01,222.99994,26.393652,66.81912,7.906492,28.502546,1613.8851
NE,PE,2016-04-01,152.50005,25.17198,68.086555,8.49413,28.552607,1452.5446
NE,PE,2016-07-01,51.183292,24.098883,63.993084,9.59344,28.58841,1603.5106
NE,PE,2016-10-01,28.183334,27.179436,56.25925,10.54631,28.481176,1787.7383
NE,PE,2017-01-01,94.03332,27.203234,59.720814,8.832368,28.470999,1731.1958
NE,PE,2017-04-01,309.58365,24.807634,72.70161,8.030337,28.531988,1331.0385
NE,PE,2017-07-01,176.43094,22.820738,70.79002,10.550242,28.608366,1409.2604
NE,PE,2017-10-01,44.738464,26.796988,57.923466,10.104018,28.475065,1759.651
NE,PE,2018-01-01,191.99997,26.688005,64.88632,8.109539,28.460358,1669.646
NE,PE,2018-04-01,218.83102,24.516447,71.095024,8.883567,28.533333,1409.2097
NE,PE,2018-07-01,65.3692,23.956846,63.688084,11.129533,28.507256,1528.7844
NE,PE,2018-10-01,88.58461,26.668987,59.147274,10.55775,28.416096,1625.4666
NE,PE,2019-01-01,169.40001,26.663082,65.81597,8.419078,28.422337,1548.0974
NE,PE,2019-04-01,156.84616,25.07179,70.74781,7.970616,28.456875,1287.4108
NE,PE,2019-07-01,121.12316,23.439676,67.79724,10.580845,28.526276,1291.4308
NE,PE,2019-10-01,40.199997,26.971611,54.14526,11.152175,28.406803,1663.6643
NE,PE,2020-01-01,265.52322,26.626995,66.0176,7.651014,28.409311,1472.1367
NE,PE,2020-04-01,196.64655,24.61916,73.06922,7.9329066,28.466524,1246.8613
NE,PE,2020-07-01,58.72306,23.65971,63.869236,11.334449,28.499552,1449.9495
NE,PE,2020-10-01,62.584614,27.04722,54.67843,10.642405,28.416739,1703.4048
NE,PE,2021-01-01,117.84612,27.107304,57.642315,9.208254,28.395061,1706.2352
NE,PE,2021-04-01,107.84616,26.35982,64.77515,8.486785,28.517092,1521.2484
NE,PI,2015-01-01,271.67374,26.983568,70.06424,5.845807,28.993164,1520.395
NE,PI,2015-04-01,133.98947,26.962988,65.490906,6.620073,29.03796,1473.2954
NE,PI,2015-07-01,7.263157,28.384977,44.734936,8.962405,29.039913,1704.3014
NE,PI,2015-10-01,60.92632,30.566082,43.582283,8.510378,28.966887,1701.3466
NE,PI,2016-01-01,388.47385,27.257545,71.32536,5.6323705,29.00063,1447.2156
NE,PI,2016-04-01,83.1579,27.938828,58.948147,6.626572,29.033758,1546.9666
NE,PI,2016-07-01,16.557896,28.65409,43.505177,8.976121,29.046486,1759.5901
NE,PI,2016-10-01,105.557884,29.773859,49.356842,8.083505,28.948511,1658.4484
NE,PI,2017-01-01,352.1791,27.007305,71.515526,5.2833977,28.977135,1473.4076
NE,PI,2017-04-01,140.61053,27.145992,64.71576,6.3721104,29.018122,1515.1018
NE,PI,2017-07-01,11.336841,27.782137,47.152264,9.9278145,29.075037,1757.6195
NE,PI,2017-10-01,129.55789,29.455627,52.5871,7.7645426,28.94921,1653.7045
NE,PI,2018-01-01,379.02026,26.045124,76.52642,5.012507,28.872623,1322.7238
NE,PI,2018-04-01,95.69,26.264578,65.884514,6.055077,28.936031,1389.5233
NE,PI,2018-07-01,11.36,28.424444,44.222603,7.568055,28.933407,1641.8552
NE,PI,2018-10-01,222.02858,28.424566,59.214825,6.3956017,28.892008,1463.1724
NE,PI,2019-01-01,356.89014,26.645727,74.800446,4.70362,28.927708,1410.4926
NE,PI,2019-04-01,204.93001,26.360462,71.22872,5.2949076,28.948475,1402.0905
NE,PI,2019-07-01,11.599999,28.032492,46.96875,8.47123,28.9826,1663.945
NE,PI,2019-10-01,68.171425,29.672026,50.68173,7.3987846,28.874933,1658.6693
NE,PI,2020-01-01,450.6003,26.263071,78.72688,4.5463533,28.928137,1335.5232
NE,PI,2020-04-01,134.37144,26.493067,72.79551,5.8530207,28.967194,1379.0516
NE,PI,2020-07-01,2.5238094,27.83507,47.922764,9.035804,28.904093,1748.0219
NE,PI,2020-10-01,74.91429,28.56349,56.467278,7.2824645,28.87259,1484.1504
NE,PI,2021-01-01,173.99052,26.938673,72.132935,5.937526,28.84942,1295.0917
NE,PI,2021-04-01,33.92381,27.315935,69.75871,6.1248717,28.863684,1426.602
S,PR,2015-01-01,360.33066,23.959995,76.93121,6.0485005,27.920687,1604.8373
S,PR,2015-04-01,219.80872,18.636038,79.85432,6.704439,28.02188,1098.6356
S,PR,2015-07-01,324.261,19.083033,72.73393,7.2791705,27.987413,1189.9122
S,PR,2015-10-01,654.4615,22.16577,82.62564,7.411827,27.89559,1129.3203
S,PR,2016-01-01,471.4872,23.387789,79.16532,6.640071,27.913267,1352.0559
S,PR,2016-04-01,269.3334,17.490267,77.81746,5.434825,27.984137,999.53436
S,PR,2016-07-01,202.88467,16.967724,70.928444,6.6840334,27.947432,1248.5581
S,PR,2016-10-01,401.13867,21.37913,74.840515,7.914195,27.83318,1378.5964
S,PR,2017-01-01,422.12338,23.384003,78.56523,6.821029,27.839413,1431.5938
S,PR,2017-04-01,401.03864,18.42093,81.23071,7.773679,27.931742,1040.0243
S,PR,2017-07-01,137.2769,18.707005,66.61678,9.318414,27.997097,1310.9149
S,PR,2017-10-01,626.50824,21.579678,74.918365,8.151298,27.802572,1372.3435
S,PR,2018-01-01,504.82346,22.773617,79.4597,6.9151025,27.817354,1309.8485
S,PR,2018-04-01,146.54611,18.707815,74.71265,6.58544,27.87786,1121.78
S,PR,2018-07-01,215.79225,17.347034,71.07076,6.9297147,27.825216,1182.5336
S,PR,2018-10-01,382.13092,22.07515,73.11775,7.88938,27.747791,1419.0702
S,PR,2019-01-01,461.0081,23.465382,75.42273,6.6255565,27.776024,1417.1537
S,PR,2019-04-01,314.04626,19.474531,77.94716,6.139433,27.83738,1019.8248
S,PR,2019-07-01,112.076904,17.983315,66.899445,8.413692,27.877722,1189.8583
S,PR,2019-10-01,386.2078,22.942781,70.99959,7.9169383,27.757702,1421.747
S,PR,2020-01-01,293.1,23.209515,73.27716,7.225468,27.772682,1403.7599
S,PR,2020-04-01,230.34613,18.46587,70.123764,6.8943877,27.932222,1153.1998
S,PR,2020-07-01,158.2692,18.51378,67.8776,7.3739758,27.93273,1171.4961
S,PR,2020-10-01,213.4077,22.476402,67.7783,7.179021,27.702604,1558.8192
S,PR,2021-01-01,264.2386,22.992289,76.3839,5.802987,27.686462,1463.9807
S,PR,2021-04-01,9.246153,19.337046,71.6846,6.464765,27.631145,1309.0493
SE,RJ,2015-01-01,329.18762,25.094398,74.84299,8.467328,28.956139,1531.1448
SE,RJ,2015-04-01,222.67491,20.878592,80.44991,6.833282,29.080286,1185.5977
SE,RJ,2015-07-01,130.7222,20.8974,78.11724,7.800644,29.17559,1143.1924
SE,RJ,2015-10-01,336.4445,24.076176,79.10947,8.291575,29.062344,1355.9209
SE,RJ,2016-01-01,565.667,25.536861,78.55063,7.745861,29.32399,1492.1366
SE,RJ,2016-04-01,144.99995,20.4984,80.67533,6.8653803,29.144093,1038.4104
SE,RJ,2016-07-01,98.43999,20.037933,75.636665,8.510439,29.147165,1055.4978
SE,RJ,2016-10-01,539.7703,22.972876,78.62512,9.034678,29.010721,1374.6375
SE,RJ,2017-01-01,410.8502,24.989468,76.365524,8.3165,29.0027,1596.864
SE,RJ,2017-04-01,237.04,20.697117,81.2838,6.987956,29.122375,1082.2018
SE,RJ,2017-07-01,93.86086,18.934755,74.77786,7.8915095,28.972273,1311.9982
SE,RJ,2017-10-01,375.5828,22.669983,76.836975,8.562146,28.78699,1338.9464
SE,RJ,2018-01-01,641.19165,24.189264,80.116,6.9559846,28.771606,1404.2975
SE,RJ,2018-04-01,206.1652,20.516363,80.61123,5.913104,28.935608,1106.9482
SE,RJ,2018-07-01,192.31659,19.716257,77.93633,7.159189,28.980871,1133.8694
SE,RJ,2018-10-01,446.0309,22.721952,79.68461,7.593758,28.833382,1261.8588
SE,RJ,2019-01-01,578.8004,25.060526,77.76167,6.8804345,28.827932,1491.4827
SE,RJ,2019-04-01,316.6232,21.837465,80.228485,5.9064994,28.903118,1174.7634
SE,RJ,2019-07-01,201.2615,19.342821,76.301704,7.3233995,28.993038,1092.6642
SE,RJ,2019-10-01,425.92334,22.760384,79.21399,7.481023,28.826569,1300.2753
SE,RJ,2020-01-01,685.0235,23.664415,82.05623,6.4405117,28.808952,1287.5266
SE,RJ,2020-04-01,138.36148,20.542444,78.32346,5.7672257,29.125458,1051.672
SE,RJ,2020-07-01,158.23846,20.658482,74.0047,7.220551,29.114477,1172.8911
SE,RJ,2020-10-01,466.6003,23.13399,78.98487,7.4374957,28.933403,1238.5703
SE,RJ,2021-01-01,327.26172,24.814499,76.2899,7.2087746,28.890078,1565.4393
SE,RJ,2021-04-01,67.67691,21.980034,76.37761,6.565463,29.080036,1301.1248
NE,RN,2015-01-01,166.62498,28.053713,66.42891,14.288305,29.58315,1753.3329
NE,RN,2015-04-01,152.65,27.456339,68.87048,12.512609,29.617374,1571.6078
NE,RN,2015-07-01,90.350006,26.628098,64.36242,15.914636,29.657562,1640.7479
NE,RN,2015-10-01,14.625,28.138615,60.842754,17.109058,29.606152,1923.9182
NE,RN,2016-01-01,197.97499,28.233295,71.18567,12.780905,29.588215,1561.3353
NE,RN,2016-04-01,159.72502,27.545742,69.82132,12.625689,29.62193,1289.966
NE,RN,2016-07-01,30.449997,27.194181,60.33788,16.215057,29.655176,1504.7394
NE,RN,2016-10-01,35.925,28.543438,59.819035,17.138262,29.56857,1573.1438
NE,RN,2017-01-01,178.77502,28.158194,68.23026,13.201065,29.560038,1448.2227
NE,RN,2017-04-01,178.82501,27.371988,70.65086,11.554504,29.61171,1306.336
NE,RN,2017-07-01,116.62509,26.42647,63.887848,15.108705,29.683292,1325.3011
NE,RN,2017-10-01,19.111107,28.209728,59.651886,15.212187,29.610966,1519.5872
NE,RN,2018-01-01,238.71115,28.018198,64.15253,11.294045,29.598103,1424.5569
NE,RN,2018-04-01,155.88892,26.39662,70.57919,9.40857,29.655443,1305.3538
NE,RN,2018-07-01,45.266678,26.867004,60.74305,14.510947,29.709412,1486.5189
NE,RN,2018-10-01,59.73333,28.298252,60.589558,14.843238,29.638197,1529.2981
NE,RN,2019-01-01,284.60007,27.542503,72.77892,10.407235,29.647593,1284.1517
NE,RN,2019-04-01,278.91125,26.867008,77.626076,8.115086,29.640913,1390.5266
NE,RN,2019-07-01,48.68887,26.688221,64.09638,12.040983,29.70034,1513.0321
NE,RN,2019-10-01,68.02226,28.338863,61.99083,14.644022,29.596779,1830.0602
NE,RN,2020-01-01,361.2223,27.990469,77.02607,9.68151,29.673208,1575.8624
NE,RN,2020-04-01,190.17784,27.438541,79.18781,7.911473,29.702011,1537.2002
NE,RN,2020-07-01,43.133324,28.550486,55.587402,13.4149275,29.670185,1832.3057
NE,RN,2020-10-01,12.111104,30.819006,52.376274,15.521456,29.609686,2124.554
NE,RN,2021-01-01,16.599998,30.172203,59.212048,11.824926,29.542377,2065.6301
NE,RN,2021-04-01,12.533332,29.289606,66.33448,10.523435,29.544662,1951.4147
N,RO,2015-01-01,640.5503,25.201637,81.8661,5.200049,28.71538,1220.2072
N,RO,2015-04-01,381.60016,25.40703,79.63328,4.8452206,28.956863,1284.4386
N,RO,2015-07-01,34.550003,27.514538,61.611217,5.653034,29.047405,1530.6896
N,RO,2015-10-01,409.95013,27.070526,74.17905,5.5331125,28.977934,1430.8578
N,RO,2016-01-01,917.10077,26.221025,81.8994,4.944477,28.934244,1274.1342
N,RO,2016-04-01,214.20006,25.400036,76.79557,5.1393166,29.019508,1377.3291
N,RO,2016-07-01,143.69998,26.393406,61.838985,5.5499,29.073181,1483.1907
N,RO,2016-10-01,268.65726,26.186771,77.57877,5.7574167,28.951918,1313.4946
N,RO,2017-01-01,476.9716,26.242033,81.096214,6.522575,28.82963,980.389
N,RO,2017-04-01,173.9143,26.226633,74.97345,6.2184715,28.888168,1011.43195
N,RO,2017-07-01,70.542854,26.671053,62.62814,6.1151156,28.928839,995.1016
N,RO,2017-10-01,442.7717,26.153849,78.943054,6.3121204,28.818762,847.7514
N,RO,2018-01-01,519.0578,25.545572,83.37873,6.009954,28.824629,792.1829
N,RO,2018-04-01,156.80002,24.949022,77.89994,5.697134,28.920969,890.67706
N,RO,2018-07-01,105.142845,25.762236,63.724514,6.0417037,29.011374,890.8834
N,RO,2018-10-01,529.85754,26.602867,77.545204,5.0294747,29.118341,736.56885
N,RO,2019-01-01,1055.4508,25.485594,83.02639,4.9741898,29.041634,1122.0206
N,RO,2019-04-01,300.2,25.769897,77.382744,4.651708,29.06183,1165.0667
N,RO,2019-07-01,32.499992,27.34327,57.12109,5.9533973,29.092096,1372.2424
N,RO,2019-10-01,550.00024,25.683525,80.041954,5.2745705,28.82048,1279.3989
N,RO,2020-01-01,754.10046,25.667908,82.511444,5.2468634,28.844315,1221.4332
N,RO,2020-04-01,197.04993,25.354773,76.579384,4.675104,28.906668,1337.0931
N,RO,2020-07-01,8.799999,29.006113,46.966373,5.538286,28.885803,1715.4117
N,RO,2020-10-01,182.25,26.315998,70.69316,5.1397314,28.545456,1370.2739
N,RO,2021-01-01,271.05002,24.8862,79.97338,4.9758368,28.552944,1236.7764
N,RO,2021-04-01,57.09998,25.060202,77.808334,4.9214964,28.584593,1348.0094
N,RR,2015-01-01,16.199995,28.75801,55.979107,9.336929,29.58604,1518.2659
N,RR,2015-04-01,0.0,27.136251,70.9652,6.798291,29.614574,1421.1848
N,RR,2015-07-01,0.0,27.662352,71.25781,5.2327323,29.60352,1610.4308
N,RR,2015-10-01,10.4,29.34861,58.8903,7.4178596,29.556004,1624.0182
N,RR,2016-01-01,33.400005,29.328505,54.686527,9.60748,29.58195,1591.4797
N,RR,2016-04-01,938.0005,26.982327,75.938736,5.4911404,29.62014,1359.8898
N,RR,2016-07-01,413.19998,27.146864,73.901955,5.1086617,29.62094,1583.5131
N,RR,2016-10-01,48.399994,28.617054,64.3894,6.650451,29.541391,1640.0939
N,RR,2017-01-01,172.99998,24.842764,74.87311,5.3388095,28.617544,498.90115
N,RR,2017-04-01,447.20016,24.880985,75.63162,5.762855,28.250431,715.31915
N,RR,2017-07-01,409.4667,24.492481,78.35777,5.230436,28.277548,778.99744
N,RR,2017-10-01,43.86667,28.323711,67.78751,5.091696,29.43172,830.95276
N,RR,2018-01-01,74.26667,27.58474,64.746124,6.2764482,29.467106,807.90094
N,RR,2018-04-01,620.8001,24.272295,81.984795,3.9799583,28.652838,429.06296
N,RR,2018-07-01,382.26685,21.965582,77.36257,3.8063881,28.634352,499.03177
N,RR,2018-10-01,89.533325,27.467682,70.82233,4.9192405,29.46923,825.4526
N,RR,2019-01-01,12.2,29.019773,54.51574,9.858163,29.59433,1651.1658
N,RR,2019-04-01,991.4007,27.458996,70.76099,6.315174,29.604393,1332.4662
N,RR,2019-07-01,843.2004,26.511637,77.320656,4.723789,29.63137,1398.3163
N,RR,2019-10-01,332.00006,27.716446,70.65489,6.217639,29.542826,1546.5374
N,RR,2020-01-01,14.4,28.726545,57.121338,8.727744,29.588564,1663.421
N,RR,2020-04-01,773.8007,27.23127,72.94185,5.7712164,29.617908,1294.515
N,RR,2020-07-01,531.39996,26.488325,76.178734,4.7602935,29.599659,1000.0749
N,RR,2020-10-01,1.0,28.454947,66.03297,6.923077,29.52533,1716.8889
N,RR,2021-01-01,24.2,28.804695,61.169014,8.22199,29.570274,1615.1746
N,RR,2021-04-01,0.0,,,,,
S,RS,2015-01-01,361.62653,22.83283,78.12915,9.012472,28.812975,1492.4015
S,RS,2015-04-01,335.79486,16.987116,79.08205,8.727152,28.929113,1027.2021
S,RS,2015-07-01,417.15295,16.196535,79.06807,10.100535,28.872488,958.27997
S,RS,2015-10-01,671.274,19.92531,79.8194,10.696832,28.79083,1215.459
S,RS,2016-01-01,387.2318,23.008188,77.285324,9.450504,28.808403,1468.6589
S,RS,2016-04-01,268.25513,15.614143,81.50158,8.618173,28.94352,912.8075
S,RS,2016-07-01,276.74637,14.320185,77.25375,9.783474,28.934256,1117.2958
S,RS,2016-10-01,502.03348,20.165323,72.9794,10.7743,28.751022,1529.692
S,RS,2017-01-01,416.46674,22.784298,78.65409,9.309645,28.756676,1470.999
S,RS,2017-04-01,593.9767,16.58631,81.57145,10.047956,28.851383,910.0335
S,RS,2017-07-01,300.10474,16.63519,75.620865,10.826824,28.910807,1080.1012
S,RS,2017-10-01,442.90494,20.31556,71.209724,11.100624,28.721004,1546.393
S,RS,2018-01-01,380.53967,22.16983,75.21563,9.483497,28.724615,1521.4438
S,RS,2018-04-01,301.51636,16.676035,80.75284,8.687332,28.87762,972.4486
S,RS,2018-07-01,444.41415,14.405761,82.23661,9.929903,28.872658,917.1006
S,RS,2018-10-01,439.21408,20.643843,73.49264,10.61007,28.753279,1486.013
S,RS,2019-01-01,465.33975,22.627548,77.65359,9.346318,28.766966,1427.0605
S,RS,2019-04-01,387.90717,17.87192,82.42252,8.528472,28.832405,941.143
S,RS,2019-07-01,284.58182,13.945281,75.81455,9.554977,28.937208,1106.4244
S,RS,2019-10-01,463.82288,21.190998,70.773796,10.7682705,28.767118,1494.2965
S,RS,2020-01-01,237.34541,23.152668,70.54509,10.0108795,28.781029,1595.4023
S,RS,2020-04-01,364.6546,16.274265,73.68729,9.711837,28.873146,1046.214
S,RS,2020-07-01,342.491,14.629567,75.556175,9.091785,28.874813,1053.1978
S,RS,2020-10-01,203.10907,20.80545,69.63329,9.667855,28.767328,1579.739
S,RS,2021-01-01,346.73196,22.314394,76.93141,7.780382,28.705334,1471.1488
S,RS,2021-04-01,30.977272,19.470924,74.45726,8.111432,28.850674,1310.2667
S,SC,2015-01-01,516.60034,21.810379,81.56335,7.6938486,27.896883,1377.7163
S,SC,2015-04-01,325.6954,16.684042,81.92436,7.4588847,28.001888,1023.5811
S,SC,2015-07-01,422.27643,16.596775,79.64136,8.999693,27.962042,1023.5487
S,SC,2015-10-01,648.0767,19.672216,83.30602,8.95073,27.88204,1026.4503
S,SC,2016-01-01,519.45746,21.797764,81.40458,7.4914913,27.893728,1304.5114
S,SC,2016-04-01,269.04553,15.165132,82.480644,7.034822,27.97243,955.6316
S,SC,2016-07-01,318.41824,14.402761,78.17834,8.664427,27.95788,1139.153
S,SC,2016-10-01,510.09128,19.06938,79.07579,9.47167,27.85042,1317.0138
S,SC,2017-01-01,459.01868,21.918663,78.631935,7.2253504,27.853529,1369.533
S,SC,2017-04-01,471.72772,16.638594,81.20835,7.7543807,27.94389,890.9135
S,SC,2017-07-01,191.87265,16.248613,73.62525,7.99732,28.026268,1155.0123
S,SC,2017-10-01,532.864,19.410545,77.36701,8.974893,27.818995,1358.5166
S,SC,2018-01-01,513.02765,21.060556,81.66063,7.024555,27.86894,1278.0692
S,SC,2018-04-01,202.73633,16.93076,81.228455,6.1048055,28.146408,1041.6783
S,SC,2018-07-01,281.791,15.112587,80.70216,6.451788,28.046154,1009.98126
S,SC,2018-10-01,455.10013,19.942213,78.82458,8.9734745,27.855436,1364.4961
S,SC,2019-01-01,496.66696,21.72745,82.00195,8.159922,27.83315,1289.0131
S,SC,2019-04-01,447.4253,17.767324,84.991066,7.3870645,27.892578,889.739
S,SC,2019-07-01,164.39989,15.099616,77.72971,9.118379,27.931725,1033.7645
S,SC,2019-10-01,400.86685,20.302092,77.47846,7.817406,27.799965,1382.0962
S,SC,2020-01-01,325.84177,21.394705,77.8505,7.650364,27.810507,1451.3511
S,SC,2020-04-01,262.4,16.018114,77.19075,7.721741,27.888527,1114.6696
S,SC,2020-07-01,276.06668,15.416143,78.82558,8.142346,27.91154,1008.2177
S,SC,2020-10-01,348.03354,20.081581,76.67036,8.044677,27.801893,1390.0846
S,SC,2021-01-01,449.90042,21.25496,81.68831,7.742638,27.685877,1332.5598
S,SC,2021-04-01,28.908339,17.984707,76.95736,7.7182145,27.668844,1285.5842
NE,SE,2015-01-01,116.83999,26.687023,72.04927,11.239757,29.346725,1721.3962
NE,SE,2015-04-01,464.28027,24.995584,80.04527,6.893071,29.396978,1279.3376
NE,SE,2015-07-01,249.52007,23.464607,76.51054,6.2811217,29.450195,1420.5641
NE,SE,2015-10-01,50.880005,26.189693,68.03937,12.271357,29.362072,1835.5631
NE,SE,2016-01-01,159.31995,26.981281,71.35453,9.345697,29.344446,1634.5807
NE,SE,2016-04-01,275.6,25.493969,74.66594,7.4305153,29.396286,1345.4364
NE,SE,2016-07-01,100.71995,24.103514,75.21765,7.530424,29.460993,1744.99
NE,SE,2016-10-01,38.120003,26.53246,69.85173,10.630388,29.33244,1955.9443
NE,SE,2017-01-01,53.43333,27.268196,68.334694,8.721332,29.262796,1868.7574
NE,SE,2017-04-01,389.25726,24.851542,81.62792,6.7329383,29.320574,1335.1826
NE,SE,2017-07-01,307.17154,22.401415,83.58817,8.510704,29.419767,1386.5165
NE,SE,2017-10-01,94.05712,25.294088,76.72783,10.463595,29.27605,1796.0236
NE,SE,2018-01-01,106.942825,26.699696,74.934326,9.448631,29.237936,1839.5385
NE,SE,2018-04-01,214.42851,24.488428,80.55749,7.1382875,29.337778,1391.4436
NE,SE,2018-07-01,108.77138,23.513388,77.76374,8.425984,29.383318,1518.7292
NE,SE,2018-10-01,89.14286,26.261202,72.24847,11.863937,29.278265,1815.6315
NE,SE,2019-01-01,146.99997,27.261219,72.884575,9.539756,29.28831,1773.9629
NE,SE,2019-04-01,341.62866,25.560642,80.2709,6.721015,29.349703,1340.851
NE,SE,2019-07-01,310.22885,23.422705,81.30393,7.3480334,29.501566,1461.2196
NE,SE,2019-10-01,47.285706,26.34145,68.12911,9.49792,29.30272,1897.4226
NE,SE,2020-01-01,195.05713,27.415895,71.062386,7.3352833,29.248953,1719.3634
NE,SE,2020-04-01,260.9431,24.979414,83.56121,3.3442845,29.318283,1279.0907
NE,SE,2020-07-01,58.828472,23.548632,77.62189,2.7447147,29.39339,1653.5553
NE,SE,2020-10-01,23.31429,25.956549,68.27565,6.8363786,29.154089,1771.3158
NE,SE,2021-01-01,53.02856,26.211718,70.909744,5.027375,29.144846,1681.8698
NE,SE,2021-04-01,53.79999,26.031504,75.66012,3.8321857,29.145395,1458.9758
SE,SP,2015-01-01,557.1166,24.0108,75.80148,5.6241612,27.870865,1441.2065
SE,SP,2015-04-01,167.41286,19.845272,76.63359,5.708592,27.969357,1172.6093
SE,SP,2015-07-01,233.14836,20.327126,67.888626,5.910842,27.953276,1226.3873
SE,SP,2015-10-01,543.20685,23.740234,75.60005,6.555619,27.858196,1324.3431
SE,SP,2016-01-01,612.77484,24.008461,77.698235,5.9923453,27.865,1345.3217
SE,SP,2016-04-01,209.19997,19.711916,73.3558,4.9671407,27.973612,1157.7147
SE,SP,2016-07-01,100.61936,19.142344,64.73576,6.2548194,27.969767,1313.1494
SE,SP,2016-10-01,361.75156,22.883251,72.06304,7.3328834,27.871847,1464.0553
SE,SP,2017-01-01,453.26303,23.964853,76.10794,5.88418,28.002888,1467.6451
SE,SP,2017-04-01,281.77844,20.09278,76.43682,5.802372,28.093416,1128.1213
SE,SP,2017-07-01,78.89731,20.045284,60.66981,7.1015143,28.164194,1362.087
SE,SP,2017-10-01,508.1303,23.155209,72.42934,6.9614205,27.993092,1388.3401
SE,SP,2018-01-01,505.45874,23.940018,77.398605,5.5569706,27.985596,1419.353
SE,SP,2018-04-01,87.58538,20.501377,71.13136,5.3610673,28.127653,1194.0347
SE,SP,2018-07-01,151.62434,19.725485,66.71678,6.4749856,28.113716,1240.2623
SE,SP,2018-10-01,464.63428,23.236816,74.4856,7.4346876,28.00273,1381.1667
SE,SP,2019-01-01,528.7955,24.535849,75.49341,5.7299066,28.027245,1463.6887
SE,SP,2019-04-01,212.25858,21.138845,74.50227,4.9640017,28.092289,1148.4957
SE,SP,2019-07-01,129.94284,19.814562,64.9862,6.9188075,28.142544,1254.0555
SE,SP,2019-10-01,348.44772,23.82285,71.27507,7.2121673,27.98978,1407.5082
SE,SP,2020-01-01,514.9073,22.769014,75.566475,6.918407,27.925838,1424.1954
SE,SP,2020-04-01,90.26977,19.01502,68.7731,6.425585,28.03272,1236.5413
SE,SP,2020-07-01,50.260464,19.871677,58.92213,8.10539,28.044167,1350.1906
SE,SP,2020-10-01,203.84659,23.093525,65.63121,8.399483,27.899834,1536.7649
SE,SP,2021-01-01,208.814,23.760393,72.32876,6.8997865,27.97931,1533.044
SE,SP,2021-04-01,17.33023,20.055946,66.221954,7.4829345,27.976934,1456.5862
N,TO,2015-01-01,547.5169,25.304749,79.23303,5.0969505,28.769434,1412.46
N,TO,2015-04-01,223.06667,25.475576,71.9884,5.610101,28.809412,1492.0854
N,TO,2015-07-01,24.514288,27.454174,49.59964,7.1646976,28.820995,1707.887
N,TO,2015-10-01,244.8,28.00952,62.878407,6.1752167,28.765057,1526.7198
N,TO,2016-01-01,537.7005,26.622894,76.0765,5.6161547,28.797604,1505.7675
N,TO,2016-04-01,85.28749,26.613161,66.3294,5.312288,28.82117,1571.0094
N,TO,2016-07-01,55.7,27.498528,48.264275,7.5019736,28.845924,1708.2806
N,TO,2016-10-01,342.56006,26.813501,71.84134,6.1056275,28.803259,1465.1343
N,TO,2017-01-01,646.85034,25.321867,81.36053,4.8451667,28.836094,1405.4843
N,TO,2017-04-01,160.04999,26.194576,69.42555,5.548747,28.868786,1600.7067
N,TO,2017-07-01,5.96,26.47041,46.52158,7.958839,28.90907,1784.377
N,TO,2017-10-01,508.9602,26.903437,68.98672,6.3030944,28.800415,1420.3816
N,TO,2018-01-01,802.48047,25.143751,82.46072,4.94155,28.829763,1411.4744
N,TO,2018-04-01,141.67,25.375767,70.68901,5.5617332,28.889502,1559.3623
N,TO,2018-07-01,32.739998,26.709927,52.789246,6.3142843,28.877146,1686.803
N,TO,2018-10-01,419.6902,27.023983,72.12748,5.9434905,28.818035,1492.8473
N,TO,2019-01-01,521.15027,25.732859,81.219734,4.875303,28.858547,1428.972
N,TO,2019-04-01,203.78998,26.121286,74.607994,4.919221,28.868582,1494.3126
N,TO,2019-07-01,25.629995,26.6476,50.70144,6.7725525,28.881987,1647.5024
N,TO,2019-10-01,368.95,26.667633,73.872055,5.499481,28.801514,1409.9119
N,TO,2020-01-01,776.6605,25.634617,83.33224,5.060806,28.84942,1353.9509
N,TO,2020-04-01,241.63998,25.74527,76.07308,5.2166305,28.892323,1434.6682
N,TO,2020-07-01,6.3500004,27.048882,50.486103,6.6563454,28.946617,1680.3406
N,TO,2020-10-01,239.33011,27.88644,66.83573,5.90976,28.880383,1526.742
N,TO,2021-01-01,302.43018,26.310612,78.433556,4.686601,28.938076,1372.1973
N,TO,2021-04-01,54.469994,26.751852,79.87754,4.693486,28.895716,1383.4276
